Workbook

Sheet Form Responses 1
A1: Timestamp | B1: Tester full name | C1: Google email used for Play opt-in | D1: Device model | E1: Android version | F1: Installed app version | G1: Opt-in completed from Play link? | H1: Installed from Play Store? | I1: Date tested | J1: Overall result | K1: TC-01 Install from internal test link | L1: TC-02 First app launch | M1: TC-03 Applicant registration | N1: TC-04 Login (valid) | O1: TC-05 Login (invalid password) | P1: TC-06 Forgot password/reset | Q1: TC-07 Applicant role guard | R1: TC-08 Dashboard load | S1: TC-09 Create application | T1: TC-10 Save draft and continue | U1: TC-11 Submit application | V1: TC-12 Applications list/detail tracking | W1: TC-13 Profile view/edit | X1: TC-14 Logout and re-login | Y1: TC-15 Network interruption handling | Z1: TC-16 Notification/deep link (if enabled) | AA1: TC-17 Update to latest internal build | AB1: Failed TC IDs (comma-separated) | AC1: Bug severity | AD1: Steps to reproduce | AE1: Expected result | AF1: Actual result | AG1: Screenshot/video link | AH1: Additional comments

Sheet QA_Summary
A1: TC ID | B1: Pass | C1: Fail | D1: Not tested | E1: Pass rate | H1: Metric | I1: Value
A2: TC-01 | B2: =COUNTIF(INDEX('Form Responses 1'!$A:$ZZ,0,MATCH($A2&"*",'Form Responses 1'!$1:$1,0)),"Pass") | C2: =COUNTIF(INDEX('Form Responses 1'!$A:$ZZ,0,MATCH($A2&"*",'Form Responses 1'!$1:$1,0)),"Fail") | D2: =COUNTIF(INDEX('Form Responses 1'!$A:$ZZ,0,MATCH($A2&"*",'Form Responses 1'!$1:$1,0)),"Not tested") | E2: =IFERROR(B2/(B2+C2),0) | H2: Total submissions | I2: =COUNTA('Form Responses 1'!A2:A1000)
A3: TC-02 | B3: =COUNTIF(INDEX('Form Responses 1'!$A:$ZZ,0,MATCH($A3&"*",'Form Responses 1'!$1:$1,0)),"Pass") | C3: =COUNTIF(INDEX('Form Responses 1'!$A:$ZZ,0,MATCH($A3&"*",'Form Responses 1'!$1:$1,0)),"Fail") | D3: =COUNTIF(INDEX('Form Responses 1'!$A:$ZZ,0,MATCH($A3&"*",'Form Responses 1'!$1:$1,0)),"Not tested") | E3: =IFERROR(B3/(B3+C3),0) | H3: Unique testers | I3: =COUNTA(UNIQUE(FILTER('Form Responses 1'!C2:C1000,'Form Responses 1'!C2:C1000<>"")))
A4: TC-03 | B4: =COUNTIF(INDEX('Form Responses 1'!$A:$ZZ,0,MATCH($A4&"*",'Form Responses 1'!$1:$1,0)),"Pass") | C4: =COUNTIF(INDEX('Form Responses 1'!$A:$ZZ,0,MATCH($A4&"*",'Form Responses 1'!$1:$1,0)),"Fail") | D4: =COUNTIF(INDEX('Form Responses 1'!$A:$ZZ,0,MATCH($A4&"*",'Form Responses 1'!$1:$1,0)),"Not tested") | E4: =IFERROR(B4/(B4+C4),0) | H4: Overall Passed | I4: =COUNTIF('Form Responses 1'!J2:J1000,"Passed")
A5: TC-04 | B5: =COUNTIF(INDEX('Form Responses 1'!$A:$ZZ,0,MATCH($A5&"*",'Form Responses 1'!$1:$1,0)),"Pass") | C5: =COUNTIF(INDEX('Form Responses 1'!$A:$ZZ,0,MATCH($A5&"*",'Form Responses 1'!$1:$1,0)),"Fail") | D5: =COUNTIF(INDEX('Form Responses 1'!$A:$ZZ,0,MATCH($A5&"*",'Form Responses 1'!$1:$1,0)),"Not tested") | E5: =IFERROR(B5/(B5+C5),0) | H5: Blocker issues | I5: =COUNTIF('Form Responses 1'!AC2:AC1000,"Blocker")
A6: TC-05 | B6: =COUNTIF(INDEX('Form Responses 1'!$A:$ZZ,0,MATCH($A6&"*",'Form Responses 1'!$1:$1,0)),"Pass") | C6: =COUNTIF(INDEX('Form Responses 1'!$A:$ZZ,0,MATCH($A6&"*",'Form Responses 1'!$1:$1,0)),"Fail") | D6: =COUNTIF(INDEX('Form Responses 1'!$A:$ZZ,0,MATCH($A6&"*",'Form Responses 1'!$1:$1,0)),"Not tested") | E6: =IFERROR(B6/(B6+C6),0) | H6: Critical issues | I6: =COUNTIF('Form Responses 1'!AC2:AC1000,"Critical")
A7: TC-06 | B7: =COUNTIF(INDEX('Form Responses 1'!$A:$ZZ,0,MATCH($A7&"*",'Form Responses 1'!$1:$1,0)),"Pass") | C7: =COUNTIF(INDEX('Form Responses 1'!$A:$ZZ,0,MATCH($A7&"*",'Form Responses 1'!$1:$1,0)),"Fail") | D7: =COUNTIF(INDEX('Form Responses 1'!$A:$ZZ,0,MATCH($A7&"*",'Form Responses 1'!$1:$1,0)),"Not tested") | E7: =IFERROR(B7/(B7+C7),0) | H7: Release gate | I7: =IF(AND(I5=0,I6=0,MIN(E2:E18)>=0.95),"READY FOR NEXT TRACK","NOT READY")
A8: TC-07 | B8: =COUNTIF(INDEX('Form Responses 1'!$A:$ZZ,0,MATCH($A8&"*",'Form Responses 1'!$1:$1,0)),"Pass") | C8: =COUNTIF(INDEX('Form Responses 1'!$A:$ZZ,0,MATCH($A8&"*",'Form Responses 1'!$1:$1,0)),"Fail") | D8: =COUNTIF(INDEX('Form Responses 1'!$A:$ZZ,0,MATCH($A8&"*",'Form Responses 1'!$1:$1,0)),"Not tested") | E8: =IFERROR(B8/(B8+C8),0)
A9: TC-08 | B9: =COUNTIF(INDEX('Form Responses 1'!$A:$ZZ,0,MATCH($A9&"*",'Form Responses 1'!$1:$1,0)),"Pass") | C9: =COUNTIF(INDEX('Form Responses 1'!$A:$ZZ,0,MATCH($A9&"*",'Form Responses 1'!$1:$1,0)),"Fail") | D9: =COUNTIF(INDEX('Form Responses 1'!$A:$ZZ,0,MATCH($A9&"*",'Form Responses 1'!$1:$1,0)),"Not tested") | E9: =IFERROR(B9/(B9+C9),0)
A10: TC-09 | B10: =COUNTIF(INDEX('Form Responses 1'!$A:$ZZ,0,MATCH($A10&"*",'Form Responses 1'!$1:$1,0)),"Pass") | C10: =COUNTIF(INDEX('Form Responses 1'!$A:$ZZ,0,MATCH($A10&"*",'Form Responses 1'!$1:$1,0)),"Fail") | D10: =COUNTIF(INDEX('Form Responses 1'!$A:$ZZ,0,MATCH($A10&"*",'Form Responses 1'!$1:$1,0)),"Not tested") | E10: =IFERROR(B10/(B10+C10),0)
A11: TC-10 | B11: =COUNTIF(INDEX('Form Responses 1'!$A:$ZZ,0,MATCH($A11&"*",'Form Responses 1'!$1:$1,0)),"Pass") | C11: =COUNTIF(INDEX('Form Responses 1'!$A:$ZZ,0,MATCH($A11&"*",'Form Responses 1'!$1:$1,0)),"Fail") | D11: =COUNTIF(INDEX('Form Responses 1'!$A:$ZZ,0,MATCH($A11&"*",'Form Responses 1'!$1:$1,0)),"Not tested") | E11: =IFERROR(B11/(B11+C11),0)
A12: TC-11 | B12: =COUNTIF(INDEX('Form Responses 1'!$A:$ZZ,0,MATCH($A12&"*",'Form Responses 1'!$1:$1,0)),"Pass") | C12: =COUNTIF(INDEX('Form Responses 1'!$A:$ZZ,0,MATCH($A12&"*",'Form Responses 1'!$1:$1,0)),"Fail") | D12: =COUNTIF(INDEX('Form Responses 1'!$A:$ZZ,0,MATCH($A12&"*",'Form Responses 1'!$1:$1,0)),"Not tested") | E12: =IFERROR(B12/(B12+C12),0)
A13: TC-12 | B13: =COUNTIF(INDEX('Form Responses 1'!$A:$ZZ,0,MATCH($A13&"*",'Form Responses 1'!$1:$1,0)),"Pass") | C13: =COUNTIF(INDEX('Form Responses 1'!$A:$ZZ,0,MATCH($A13&"*",'Form Responses 1'!$1:$1,0)),"Fail") | D13: =COUNTIF(INDEX('Form Responses 1'!$A:$ZZ,0,MATCH($A13&"*",'Form Responses 1'!$1:$1,0)),"Not tested") | E13: =IFERROR(B13/(B13+C13),0)
A14: TC-13 | B14: =COUNTIF(INDEX('Form Responses 1'!$A:$ZZ,0,MATCH($A14&"*",'Form Responses 1'!$1:$1,0)),"Pass") | C14: =COUNTIF(INDEX('Form Responses 1'!$A:$ZZ,0,MATCH($A14&"*",'Form Responses 1'!$1:$1,0)),"Fail") | D14: =COUNTIF(INDEX('Form Responses 1'!$A:$ZZ,0,MATCH($A14&"*",'Form Responses 1'!$1:$1,0)),"Not tested") | E14: =IFERROR(B14/(B14+C14),0)
A15: TC-14 | B15: =COUNTIF(INDEX('Form Responses 1'!$A:$ZZ,0,MATCH($A15&"*",'Form Responses 1'!$1:$1,0)),"Pass") | C15: =COUNTIF(INDEX('Form Responses 1'!$A:$ZZ,0,MATCH($A15&"*",'Form Responses 1'!$1:$1,0)),"Fail") | D15: =COUNTIF(INDEX('Form Responses 1'!$A:$ZZ,0,MATCH($A15&"*",'Form Responses 1'!$1:$1,0)),"Not tested") | E15: =IFERROR(B15/(B15+C15),0)
A16: TC-15 | B16: =COUNTIF(INDEX('Form Responses 1'!$A:$ZZ,0,MATCH($A16&"*",'Form Responses 1'!$1:$1,0)),"Pass") | C16: =COUNTIF(INDEX('Form Responses 1'!$A:$ZZ,0,MATCH($A16&"*",'Form Responses 1'!$1:$1,0)),"Fail") | D16: =COUNTIF(INDEX('Form Responses 1'!$A:$ZZ,0,MATCH($A16&"*",'Form Responses 1'!$1:$1,0)),"Not tested") | E16: =IFERROR(B16/(B16+C16),0)
A17: TC-16 | B17: =COUNTIF(INDEX('Form Responses 1'!$A:$ZZ,0,MATCH($A17&"*",'Form Responses 1'!$1:$1,0)),"Pass") | C17: =COUNTIF(INDEX('Form Responses 1'!$A:$ZZ,0,MATCH($A17&"*",'Form Responses 1'!$1:$1,0)),"Fail") | D17: =COUNTIF(INDEX('Form Responses 1'!$A:$ZZ,0,MATCH($A17&"*",'Form Responses 1'!$1:$1,0)),"Not tested") | E17: =IFERROR(B17/(B17+C17),0)
A18: TC-17 | B18: =COUNTIF(INDEX('Form Responses 1'!$A:$ZZ,0,MATCH($A18&"*",'Form Responses 1'!$1:$1,0)),"Pass") | C18: =COUNTIF(INDEX('Form Responses 1'!$A:$ZZ,0,MATCH($A18&"*",'Form Responses 1'!$1:$1,0)),"Fail") | D18: =COUNTIF(INDEX('Form Responses 1'!$A:$ZZ,0,MATCH($A18&"*",'Form Responses 1'!$1:$1,0)),"Not tested") | E18: =IFERROR(B18/(B18+C18),0)

Sheet Tester_Guide
A1: Iskolar ng Daet - Tester Guide
A3: 1) Add testers in Play Console (Internal testing or Closed testing).
A4: 2) Share opt-in link with testers.
A5: 3) Testers must install from Play and run TC-01 to TC-17.
A6: 4) Each tester fills one row per test run in 'Form Responses 1'.
A7: 5) Use 'QA_Summary' for pass/fail rollup and release readiness.
A9: Required tester proof:
A10: - Google email used for opt-in
A11: - Device model and Android version
A12: - Installed app version
A13: - Pass/Fail result per test case
A14: - Bug details with screenshot/video links
